{
  "info": {
    "name": "API de Cobros Simulados T1",
    "description": "Colección de requests para probar la API REST",
    "schema": "https://schema.getpostman.com/json/collection/v2.1.0/collection.json"
  },
  "item": [
    {
      "name": "Clientes",
      "item": [
        {
          "name": "Crear Cliente",
          "request": {
            "method": "POST",
            "header": [
              {
                "key": "Content-Type",
                "value": "application/json"
              }
            ],
            "body": {
              "mode": "raw",
              "raw": "{\n  \"nombre\": \"Juan Pérez\",\n  \"email\": \"juan@example.com\",\n  \"telefono\": \"3001234567\"\n}"
            },
            "url": {
              "raw": "http://localhost:8000/clientes/",
              "protocol": "http",
              "host": ["localhost"],
              "port": "8000",
              "path": ["clientes", ""]
            }
          }
        },
        {
          "name": "Listar Clientes",
          "request": {
            "method": "GET",
            "url": {
              "raw": "http://localhost:8000/clientes/",
              "protocol": "http",
              "host": ["localhost"],
              "port": "8000",
              "path": ["clientes", ""]
            }
          }
        },
        {
          "name": "Obtener Cliente por ID",
          "request": {
            "method": "GET",
            "url": {
              "raw": "http://localhost:8000/clientes/{{cliente_id}}",
              "protocol": "http",
              "host": ["localhost"],
              "port": "8000",
              "path": ["clientes", "{{cliente_id}}"]
            }
          }
        },
        {
          "name": "Actualizar Cliente",
          "request": {
            "method": "PUT",
            "header": [
              {
                "key": "Content-Type",
                "value": "application/json"
              }
            ],
            "body": {
              "mode": "raw",
              "raw": "{\n  \"nombre\": \"Juan Pérez Actualizado\"\n}"
            },
            "url": {
              "raw": "http://localhost:8000/clientes/{{cliente_id}}",
              "protocol": "http",
              "host": ["localhost"],
              "port": "8000",
              "path": ["clientes", "{{cliente_id}}"]
            }
          }
        },
        {
          "name": "Eliminar Cliente",
          "request": {
            "method": "DELETE",
            "url": {
              "raw": "http://localhost:8000/clientes/{{cliente_id}}",
              "protocol": "http",
              "host": ["localhost"],
              "port": "8000",
              "path": ["clientes", "{{cliente_id}}"]
            }
          }
        }
      ]
    },
    {
      "name": "Tarjetas",
      "item": [
        {
          "name": "Registrar Tarjeta (Visa Aprobada)",
          "request": {
            "method": "POST",
            "header": [
              {
                "key": "Content-Type",
                "value": "application/json"
              }
            ],
            "body": {
              "mode": "raw",
              "raw": "{\n  \"cliente_id\": \"{{cliente_id}}\",\n  \"pan\": \"4532015112830366\"\n}"
            },
            "url": {
              "raw": "http://localhost:8000/tarjetas/",
              "protocol": "http",
              "host": ["localhost"],
              "port": "8000",
              "path": ["tarjetas", ""]
            }
          }
        },
        {
          "name": "Registrar Tarjeta (Mastercard)",
          "request": {
            "method": "POST",
            "header": [
              {
                "key": "Content-Type",
                "value": "application/json"
              }
            ],
            "body": {
              "mode": "raw",
              "raw": "{\n  \"cliente_id\": \"{{cliente_id}}\",\n  \"pan\": \"5425233010103442\"\n}"
            },
            "url": {
              "raw": "http://localhost:8000/tarjetas/",
              "protocol": "http",
              "host": ["localhost"],
              "port": "8000",
              "path": ["tarjetas", ""]
            }
          }
        },
        {
          "name": "Obtener Tarjeta",
          "request": {
            "method": "GET",
            "url": {
              "raw": "http://localhost:8000/tarjetas/{{tarjeta_id}}",
              "protocol": "http",
              "host": ["localhost"],
              "port": "8000",
              "path": ["tarjetas", "{{tarjeta_id}}"]
            }
          }
        },
        {
          "name": "Listar Tarjetas de Cliente",
          "request": {
            "method": "GET",
            "url": {
              "raw": "http://localhost:8000/tarjetas/cliente/{{cliente_id}}",
              "protocol": "http",
              "host": ["localhost"],
              "port": "8000",
              "path": ["tarjetas", "cliente", "{{cliente_id}}"]
            }
          }
        }
      ]
    },
    {
      "name": "Cobros",
      "item": [
        {
          "name": "Realizar Cobro",
          "request": {
            "method": "POST",
            "header": [
              {
                "key": "Content-Type",
                "value": "application/json"
              }
            ],
            "body": {
              "mode": "raw",
              "raw": "{\n  \"cliente_id\": \"{{cliente_id}}\",\n  \"tarjeta_id\": \"{{tarjeta_id}}\",\n  \"monto\": 150.50\n}"
            },
            "url": {
              "raw": "http://localhost:8000/cobros/",
              "protocol": "http",
              "host": ["localhost"],
              "port": "8000",
              "path": ["cobros", ""]
            }
          }
        },
        {
          "name": "Historial de Cobros (Cliente)",
          "request": {
            "method": "GET",
            "url": {
              "raw": "http://localhost:8000/cobros/{{cliente_id}}",
              "protocol": "http",
              "host": ["localhost"],
              "port": "8000",
              "path": ["cobros", "{{cliente_id}}"]
            }
          }
        },
        {
          "name": "Historial de Cobros (Tarjeta)",
          "request": {
            "method": "GET",
            "url": {
              "raw": "http://localhost:8000/cobros/tarjeta/{{tarjeta_id}}",
              "protocol": "http",
              "host": ["localhost"],
              "port": "8000",
              "path": ["cobros", "tarjeta", "{{tarjeta_id}}"]
            }
          }
        },
        {
          "name": "Reembolsar Cobro",
          "request": {
            "method": "POST",
            "header": [
              {
                "key": "Content-Type",
                "value": "application/json"
              }
            ],
            "body": {
              "mode": "raw",
              "raw": "{\n  \"motivo\": \"Cambio de opinión del cliente\"\n}"
            },
            "url": {
              "raw": "http://localhost:8000/cobros/{{cobro_id}}/reembolso",
              "protocol": "http",
              "host": ["localhost"],
              "port": "8000",
              "path": ["cobros", "{{cobro_id}}", "reembolso"]
            }
          }
        }
      ]
    },
    {
      "name": "Health Check",
      "request": {
        "method": "GET",
        "url": {
          "raw": "http://localhost:8000/",
          "protocol": "http",
          "host": ["localhost"],
          "port": "8000",
          "path": [""]
        }
      }
    }
  ],
  "variable": [
    {
      "key": "base_url",
      "value": "http://localhost:8000",
      "type": "string"
    },
    {
      "key": "cliente_id",
      "value": "",
      "type": "string"
    },
    {
      "key": "tarjeta_id",
      "value": "",
      "type": "string"
    },
    {
      "key": "cobro_id",
      "value": "",
      "type": "string"
    }
  ]
}
